RID,Study_RID,Experiment_RID,Replicate_RID,Caption,File_Type,File_Name,URI,File_size,MD5,GEO_Archival_URL,dbGaP_Accession_ID,Processed,Notes,Principal_Investigator,Consortium,Release_Date,RCT,RMT,Legacy_File_RID,GUDMAP_NGF_OID,GUDMAP_NGS_OID
16-DWA4,16-DW7R,16-DW7T,16-DW7Y,CT023,FastQ,CT023_S39_L002_R1_001.fastq.gz,/hatrac/resources/rnaseq/study/16-DW7R/experiment/16-DW7T/replicate/16-DW7Y/5500ae3823bcf9f3fc0affe5b3847d56:APYWSYGNC2JMFFCO6POV43TPJI,3339606940,5500ae3823bcf9f3fc0affe5b3847d56,,,,,cathy_mendelsohn,GUDMAP,2020-03-02,2019-04-19 14:45:23.971086-07,2020-03-02 11:50:39.462982-08,,,
16-DWA6,16-DW7R,16-DW7T,16-DW7Y,CT023,FastQ,CT023_S39_L002_R2_001.fastq.gz,/hatrac/resources/rnaseq/study/16-DW7R/experiment/16-DW7T/replicate/16-DW7Y/ca43876b91632e8c5c316cc655f97556:U4B3T44IBYVNCCF7CDJN3I66X4,3351679826,ca43876b91632e8c5c316cc655f97556,,,,,cathy_mendelsohn,GUDMAP,2020-03-02,2019-04-19 14:45:23.971086-07,2020-03-02 11:50:39.462982-08,,,
16-TA18,16-DW7R,16-DW7T,16-DW7Y,,bam,CT023.pseudoalignments.bam,/hatrac/resources2/rnaseq/Mus%20musculus/study/16-DW7R/experiment/16-DW7T/replicate/16-DW7Y/e92a0e585d64f52cd5d69fdddb8ae622:IPA6WXI35AOKT7XNKC2H2MRSJI,4757338780,e92a0e585d64f52cd5d69fdddb8ae622,,,,,cathy_mendelsohn,GUDMAP,2020-03-02,2019-09-24 13:45:34.974743-07,2020-03-02 11:50:39.462982-08,,,
16-TA1A,16-DW7R,16-DW7T,16-TA10,,bam,CT025.pseudoalignments.bam,/hatrac/resources2/rnaseq/Mus%20musculus/study/16-DW7R/experiment/16-DW7T/replicate/16-TA10/9706ef245c22b806f56c396fc69e9c61:TNKAVO2BZWPIFYLJWT2IZ6H4XQ,4177427218,9706ef245c22b806f56c396fc69e9c61,,,,,cathy_mendelsohn,GUDMAP,2020-03-02,2019-09-24 13:53:09.630279-07,2020-03-02 11:50:39.462982-08,,,
16-TA1C,16-DW7R,16-DW7T,16-TA10,,FastQ,CT025_S41_L002_R2_001.fastq.gz,/hatrac/resources2/rnaseq/Mus%20musculus/study/16-DW7R/experiment/16-DW7T/replicate/16-TA10/8b88456e48786a87a243f4a68f9f679e:X7TUNNBU73SQNX5HMRKXFGI3FM,2980417495,8b88456e48786a87a243f4a68f9f679e,,,,,cathy_mendelsohn,GUDMAP,2020-03-02,2019-09-24 14:26:38.553851-07,2020-03-02 11:50:39.462982-08,,,
16-TA1E,16-DW7R,16-DW7T,16-TA10,,FastQ,CT025_S41_L002_R1_001.fastq.gz,/hatrac/resources2/rnaseq/Mus%20musculus/study/16-DW7R/experiment/16-DW7T/replicate/16-TA10/1efe9109730716f6e9aeba9db099d4bb:OQSWNIK6OBZEZQMRW6XJZ465XQ,2842162029,1efe9109730716f6e9aeba9db099d4bb,,,,,cathy_mendelsohn,GUDMAP,2020-03-02,2019-09-24 14:26:38.553851-07,2020-03-02 11:50:39.462982-08,,,
16-TA1G,16-DW7R,16-DW7T,16-TA16,,FastQ,CT027_S43_L002_R1_001.fastq.gz,/hatrac/resources2/rnaseq/Mus%20musculus/study/16-DW7R/experiment/16-DW7T/replicate/16-TA16/af9ffeadc131077d638f629690aaae48:7G52IC5V7RWCA52AKDCHKBAHUU,3406049767,af9ffeadc131077d638f629690aaae48,,,,,cathy_mendelsohn,GUDMAP,2020-03-02,2019-09-24 14:36:53.798783-07,2020-03-02 11:50:39.462982-08,,,
16-TA1J,16-DW7R,16-DW7T,16-TA16,,bam,CT027.pseudoalignments.bam,/hatrac/resources2/rnaseq/Mus%20musculus/study/16-DW7R/experiment/16-DW7T/replicate/16-TA16/f78b3d6f8f8c30056fe9f6d73f0005a7:5RY7N3QEXTAUZYKP27TGO2NGQY,4875779675,f78b3d6f8f8c30056fe9f6d73f0005a7,,,,,cathy_mendelsohn,GUDMAP,2020-03-02,2019-09-24 14:36:53.798783-07,2020-03-02 11:50:39.462982-08,,,
